asset_id,ward,matched_name,distance_m,confidence
RA-MINA-7601,Minato-ku,名古屋環状2号線,33.0,low
RA-NAKA-5568,Naka-ku,大津通,33.0,low
RA-MEIT-5191,Meito-ku,西里町第４号線,33.0,low
RA-NKGW-14321,Nakagawa-ku,中川中村線,33.0,low
RA-NISH-3747,Nishi-ku,守山西線,33.0,low
RA-MINA-3245,Minato-ku,名古屋環状2号線,33.0,low
RA-MIDR-6897,Midori-ku,名古屋碧南線,32.9,low
RA-NAKA-5464,Naka-ku,丸ノ内線支線第５号,32.9,low
RA-KITA-4203,Kita-ku,守山西線,32.9,low
RA-MIDR-10704,Midori-ku,名古屋岡崎線,32.9,low
RA-MIZH-2442,Mizuho-ku,山手グリーンロード,32.9,low
RA-NKGW-18540,Nakagawa-ku,名古屋環状2号線,32.9,low
RA-KITA-4064,Kita-ku,守山西線,32.9,low
RA-NKMR-11544,Nakamura-ku,牛島島崎町線,32.9,low
RA-NKGW-18415,Nakagawa-ku,名古屋第二環状自動車道,32.9,low
RA-MINA-11988,Minato-ku,名古屋環状2号線,32.9,low
RA-KITA-4206,Kita-ku,守山西線,32.9,low
RA-HIGA-2998,Higashi-ku,下竪杉町線,32.9,low
RA-MORY-7041,Moriyama-ku,香流川サイクリングロード,32.9,low
RA-NKMR-12130,Nakamura-ku,千原井深町第１号線,32.9,low
RA-TEMP-0835,Tempaku-ku,天白川自転車歩行者道第６号線,32.9,low
RA-MIDR-2123,Midori-ku,名古屋碧南線,32.9,low
RA-NAKA-1552,Naka-ku,岩井葛町線,32.9,low
RA-MIDR-8998,Midori-ku,名古屋岡崎線,32.9,low
RA-CHIK-6514,Chikusa-ku,東山通,32.9,low
RA-CHIK-6122,Chikusa-ku,東山通,32.9,low
RA-MIDR-11858,Midori-ku,名古屋碧南線,32.9,low
RA-NAKA-5582,Naka-ku,岩井葛町線,32.9,low
RA-NKGW-11842,Nakagawa-ku,名古屋中環状線,32.9,low
RA-NKMR-7178,Nakamura-ku,本陣通歩道橋,32.8,low
RA-KITA-6525,Kita-ku,木曾街道,32.8,low
RA-MINA-2338,Minato-ku,環状線,32.8,low
RA-NKGW-11841,Nakagawa-ku,名古屋中環状線,32.8,low
RA-NKGW-0191,Nakagawa-ku,津島七宝名古屋線,32.8,low
RA-MEIT-6016,Meito-ku,名古屋中環状線,32.8,low
RA-NISH-7107,Nishi-ku,名駅通,32.8,low
RA-NISH-6696,Nishi-ku,松河戸西枇杷島線,32.8,low
RA-MIDR-4007,Midori-ku,ドライブスルー,32.8,low
RA-NISH-3535,Nishi-ku,松河戸西枇杷島線,32.8,low
RA-MIDR-7987,Midori-ku,名古屋中環状線,32.8,low
RA-NKGW-6611,Nakagawa-ku,名古屋蟹江弥富線,32.8,low
RA-NKGW-14565,Nakagawa-ku,名古屋蟹江弥富線,32.8,low
RA-NKGW-6896,Nakagawa-ku,名古屋中環状線,32.8,low
RA-MIDR-8731,Midori-ku,新田名古屋線,32.8,low
RA-MEIT-3925,Meito-ku,名古屋中環状線,32.8,low
RA-ATSU-2039,Atsuta-ku,あつたハピネス通り,32.8,low
RA-NAKA-4542,Naka-ku,前津通り,32.8,low
RA-NAKA-4512,Naka-ku,西川端金山町線,32.8,low
RA-NKGW-16937,Nakagawa-ku,津島七宝名古屋線,32.8,low
RA-NKGW-8222,Nakagawa-ku,名古屋中環状線,32.8,low
RA-MIDR-9616,Midori-ku,名古屋中環状線,32.8,low
RA-HIGA-2290,Higashi-ku,環状線,32.8,low
RA-MORY-0751,Moriyama-ku,守山島野線,32.8,low
RA-MNMI-5965,Minami-ku,国道23号,32.8,low
RA-NKMR-6117,Nakamura-ku,椿町線,32.8,low
RA-MINA-11295,Minato-ku,金城ふ頭線,32.8,low
RA-NKMR-1081,Nakamura-ku,鳥ヶ地名古屋線,32.8,low
RA-NKMR-9373,Nakamura-ku,本陣通歩道橋,32.8,low
RA-MIDR-12816,Midori-ku,国道302号,32.8,low
RA-NKMR-12749,Nakamura-ku,外堀通り,32.8,low
RA-MIDR-10771,Midori-ku,名古屋岡崎線,32.7,low
RA-NKMR-0136,Nakamura-ku,県道名古屋一宮線,32.7,low
RA-NKGW-12682,Nakagawa-ku,東前田自転車歩行者道第５号線,32.7,low
RA-MINA-0702,Minato-ku,当知町自転車歩行者道第３号線,32.7,low
RA-MINA-12346,Minato-ku,名古屋中環状線,32.7,low
RA-MNMI-2262,Minami-ku,師長小橋,32.7,low
RA-MINA-8631,Minato-ku,当知町自転車歩行者道第３号線,32.7,low
RA-MIDR-12329,Midori-ku,扇川緑道,32.7,low
RA-MINA-12384,Minato-ku,名古屋環状2号線,32.7,low
RA-NKGW-8156,Nakagawa-ku,名古屋中環状線,32.7,low
RA-NAKA-3885,Naka-ku,久屋大通,32.7,low
RA-MINA-8277,Minato-ku,名古屋環状2号線,32.7,low
RA-NKGW-9042,Nakagawa-ku,名古屋中環状線,32.7,low
RA-NKGW-16938,Nakagawa-ku,津島七宝名古屋線,32.6,low
RA-NKGW-13460,Nakagawa-ku,出会橋,32.6,low
RA-NAKA-2615,Naka-ku,東川端通,32.6,low
RA-NKGW-13451,Nakagawa-ku,出会橋,32.6,low
RA-NKGW-4041,Nakagawa-ku,百船町第1号線,32.6,low
RA-NISH-8123,Nishi-ku,笈瀬川筋,32.6,low
RA-NISH-5077,Nishi-ku,笈瀬川筋,32.6,low
RA-NKGW-16080,Nakagawa-ku,百船町第1号線,32.6,low
RA-MORY-5621,Moriyama-ku,関田名古屋線,32.6,low
RA-MORY-5530,Moriyama-ku,千代田山之端線,32.6,low
RA-MINA-11543,Minato-ku,メキシコ大通,32.6,low
RA-MORY-4030,Moriyama-ku,千代田山之端線,32.6,low
RA-MIDR-7101,Midori-ku,東海緑線,32.6,low
RA-MORY-3513,Moriyama-ku,関田名古屋線,32.6,low
RA-NKMR-10426,Nakamura-ku,環状線,32.6,low
RA-TEMP-2035,Tempaku-ku,飯田街道,32.5,low
RA-NKGW-5173,Nakagawa-ku,東前田自転車歩行者道第６号線,32.5,low
RA-NAKA-1435,Naka-ku,空港線,32.5,low
RA-MIDR-12757,Midori-ku,緑瑞穂線,32.5,low
RA-MINA-2669,Minato-ku,江川線,32.5,low
RA-MEIT-5424,Meito-ku,小幡西山線,32.5,low
RA-MNMI-5765,Minami-ku,緑瑞穂線,32.5,low
RA-MIDR-7511,Midori-ku,緑瑞穂線,32.5,low
RA-NISH-4452,Nishi-ku,名古屋祖父江線,32.5,low
RA-MINA-5954,Minato-ku,国道23号,32.5,low
RA-MEIT-1137,Meito-ku,小幡西山線,32.5,low
RA-MINA-5380,Minato-ku,国道23号,32.5,low
RA-MINA-4722,Minato-ku,名古屋高速4号東海線,32.5,low
RA-MINA-4649,Minato-ku,名古屋高速4号東海線,32.5,low
RA-ATSU-2417,Atsuta-ku,ドライブピックアップ,32.5,low
RA-MINA-9340,Minato-ku,名古屋高速4号東海線,32.5,low
RA-NKGW-16802,Nakagawa-ku,津島七宝名古屋線,32.5,low
RA-NKGW-5355,Nakagawa-ku,東前田自転車歩行者道第６号線,32.5,low
RA-MINA-1726,Minato-ku,環状線,32.5,low
RA-NISH-7779,Nishi-ku,笈瀬川筋,32.4,low
RA-NISH-7774,Nishi-ku,笈瀬川筋,32.4,low
RA-ATSU-3369,Atsuta-ku,伏見通,32.4,low
RA-NAKA-4975,Naka-ku,空港線,32.4,low
RA-NAKA-0895,Naka-ku,中央線西通,32.4,low
RA-HIGA-1490,Higashi-ku,名古屋多治見線,32.4,low
RA-NKMR-9321,Nakamura-ku,椿町線,32.4,low
RA-MINA-7354,Minato-ku,鳥ヶ地名古屋線,32.4,low
RA-MINA-6283,Minato-ku,名古屋環状2号線,32.4,low
RA-MINA-12217,Minato-ku,名古屋環状2号線,32.4,low
RA-MINA-11843,Minato-ku,名古屋環状2号線,32.4,low
RA-NKMR-7995,Nakamura-ku,環状線,32.3,low
RA-MIDR-2361,Midori-ku,名古屋中環状線,32.3,low
RA-KITA-4445,Kita-ku,黒川1号橋,32.3,low
RA-MINA-12092,Minato-ku,鳥ヶ地名古屋線,32.3,low
RA-MINA-7355,Minato-ku,鳥ヶ地名古屋線,32.3,low
RA-MIDR-3622,Midori-ku,諸輪名古屋線,32.3,low
RA-MIZH-3317,Mizuho-ku,師長小橋,32.3,low
RA-MINA-11294,Minato-ku,金城ふ頭線,32.3,low
RA-NKMR-0145,Nakamura-ku,県道名古屋一宮線,32.3,low
RA-NAKA-1105,Naka-ku,千代田通,32.3,low
RA-NAKA-4750,Naka-ku,長者町通,32.3,low
RA-NAKA-5225,Naka-ku,新栄養老町線,32.3,low
RA-NISH-0247,Nishi-ku,菊井通歩道橋,32.3,low
RA-MEIT-4689,Meito-ku,岩藤名古屋線,32.3,low
RA-NISH-7051,Nishi-ku,笈瀬川筋,32.3,low
RA-NKMR-5603,Nakamura-ku,県道名古屋一宮線,32.3,low
RA-NKMR-5600,Nakamura-ku,県道名古屋一宮線,32.3,low
RA-MIDR-5919,Midori-ku,扇川緑道,32.3,low
RA-MIDR-5099,Midori-ku,扇川緑道,32.3,low
RA-MIDR-2337,Midori-ku,名古屋中環状線,32.3,low
RA-NKMR-1676,Nakamura-ku,環状線,32.3,low
RA-NISH-6113,Nishi-ku,銀の橋,32.2,low
RA-NKMR-2149,Nakamura-ku,県道名古屋一宮線,32.2,low
RA-KITA-1172,Kita-ku,名古屋犬山線,32.2,low
RA-NAKA-4571,Naka-ku,西川端通,32.2,low
RA-KITA-0973,Kita-ku,名古屋犬山線,32.2,low
RA-MINA-11842,Minato-ku,名古屋環状2号線,32.2,low
RA-NKMR-2150,Nakamura-ku,県道名古屋一宮線,32.2,low
RA-ATSU-2359,Atsuta-ku,旧東海道,32.2,low
RA-ATSU-0155,Atsuta-ku,旧東海道,32.2,low
RA-NKMR-9423,Nakamura-ku,県道名古屋一宮線,32.2,low
RA-NKMR-2148,Nakamura-ku,県道名古屋一宮線,32.2,low
RA-NKMR-9424,Nakamura-ku,県道名古屋一宮線,32.2,low
RA-HIGA-2692,Higashi-ku,松山新栄町線,32.2,low
RA-NKMR-5051,Nakamura-ku,鳥ヶ地名古屋線,32.2,low
RA-MEIT-3467,Meito-ku,岩藤名古屋線,32.2,low
RA-MIDR-9953,Midori-ku,諸輪名古屋線,32.2,low
RA-MORY-9221,Moriyama-ku,守山宮地１号線,32.2,low
RA-NAKA-4264,Naka-ku,正木通第14号,32.1,low
RA-TEMP-6217,Tempaku-ku,名古屋中環状線,32.1,low
RA-CHIK-0534,Chikusa-ku,動物園正門第3号線,32.1,low
RA-TEMP-5437,Tempaku-ku,阿野名古屋線,32.1,low
RA-TEMP-5374,Tempaku-ku,阿野名古屋線,32.1,low
RA-CHIK-5934,Chikusa-ku,中央線東沿線,32.1,low
RA-NKMR-9386,Nakamura-ku,環状線,32.1,low
RA-NKMR-9283,Nakamura-ku,祢宜町下笹島線,32.1,low
RA-MEIT-2459,Meito-ku,名古屋第二環状自動車道支線,32.1,low
RA-MEIT-3343,Meito-ku,岩藤名古屋線,32.1,low
RA-MEIT-3767,Meito-ku,岩藤名古屋線,32.1,low
RA-MEIT-4379,Meito-ku,名古屋第二環状自動車道支線,32.1,low
RA-MIDR-4450,Midori-ku,名古屋碧南線,32.1,low
RA-NKMR-3511,Nakamura-ku,県道名古屋一宮線,32.1,low
RA-MINA-10512,Minato-ku,名古屋中環状線,32.1,low
RA-MIZH-1596,Mizuho-ku,弥富相生山線,32.1,low
RA-MIZH-1605,Mizuho-ku,弥富相生山線,32.1,low
RA-NKMR-11277,Nakamura-ku,県道名古屋一宮線,32.1,low
RA-NKMR-0461,Nakamura-ku,祢宜町下笹島線,32.1,low
RA-NKMR-0118,Nakamura-ku,江川線,32.1,low
RA-NKGW-8941,Nakagawa-ku,戸春橋,32.1,low
RA-NAKA-3439,Naka-ku,大津通,32.1,low
RA-NAKA-5019,Naka-ku,千代田通,32.1,low
RA-NAKA-5447,Naka-ku,大津通,32.1,low
RA-NAKA-5451,Naka-ku,大津通,32.1,low
RA-NKGW-15259,Nakagawa-ku,戸春橋,32.1,low
RA-TEMP-5810,Tempaku-ku,白山黒石線,32.0,low
RA-MIDR-8078,Midori-ku,平手南部自転車歩行者道第４号線,32.0,low
RA-MIDR-1733,Midori-ku,東海通,32.0,low
RA-HIGA-2271,Higashi-ku,環状線,32.0,low
RA-MEIT-3744,Meito-ku,岩藤名古屋線,32.0,low
RA-MEIT-3468,Meito-ku,岩藤名古屋線,32.0,low
RA-MORY-9203,Moriyama-ku,小幡西山線,32.0,low
RA-ATSU-3314,Atsuta-ku,国道1号,32.0,low
RA-CHIK-4454,Chikusa-ku,関田名古屋線,32.0,low
RA-NKGW-14508,Nakagawa-ku,松下自転車歩行者道第２号線,32.0,low
RA-ATSU-3318,Atsuta-ku,国道1号,32.0,low
RA-HIGA-0201,Higashi-ku,赤萩町線,32.0,low
RA-NISH-0354,Nishi-ku,牛島島崎町線,31.9,low
RA-NKMR-6070,Nakamura-ku,牧野第43号線,31.9,low
RA-NKMR-0771,Nakamura-ku,牧野第43号線,31.9,low
RA-ATSU-0815,Atsuta-ku,江川線,31.9,low
RA-NAKA-5630,Naka-ku,伏見通,31.9,low
RA-NKMR-0172,Nakamura-ku,県道名古屋一宮線,31.9,low
RA-NKMR-2152,Nakamura-ku,県道名古屋一宮線,31.9,low
RA-TEMP-5993,Tempaku-ku,消防活動空地,31.9,low
RA-NISH-0365,Nishi-ku,御本坊筋,31.9,low
RA-NKGW-12998,Nakagawa-ku,名古屋中環状線,31.9,low
RA-NKMR-2151,Nakamura-ku,県道名古屋一宮線,31.9,low
RA-ATSU-1274,Atsuta-ku,江川線,31.9,low
RA-NISH-5072,Nishi-ku,笈瀬川筋,31.9,low
RA-MIDR-11738,Midori-ku,名古屋中環状線,31.8,low
RA-MIZH-0925,Mizuho-ku,弥富相生山線,31.8,low
RA-KITA-2072,Kita-ku,国道19号,31.8,low
RA-KITA-2052,Kita-ku,国道19号,31.8,low
RA-MEIT-5541,Meito-ku,藤が丘自転車歩行者道線,31.8,low
RA-NAKA-5493,Naka-ku,丸ノ内線支線第３号,31.8,low
RA-MIDR-11735,Midori-ku,名古屋中環状線,31.8,low
RA-MIZH-3549,Mizuho-ku,弥富相生山線,31.8,low
RA-MIDR-6739,Midori-ku,新田名古屋線,31.8,low
RA-MIDR-11832,Midori-ku,名古屋碧南線,31.8,low
RA-NKGW-9529,Nakagawa-ku,名古屋中環状線,31.8,low
RA-CHIK-4891,Chikusa-ku,関田名古屋線,31.8,low
RA-NKMR-10506,Nakamura-ku,名駅通,31.8,low
RA-HIGA-3079,Higashi-ku,松山新栄町線,31.8,low
RA-NKGW-17858,Nakagawa-ku,名古屋中環状線,31.8,low
RA-NKGW-16396,Nakagawa-ku,江川線,31.7,low
RA-NKMR-0435,Nakamura-ku,名駅通,31.7,low
RA-HIGA-1057,Higashi-ku,空港線,31.7,low
RA-NKMR-2336,Nakamura-ku,県道名古屋一宮線,31.7,low
RA-HIGA-1023,Higashi-ku,空港線,31.7,low
RA-NKMR-12391,Nakamura-ku,県道名古屋一宮線,31.7,low
RA-NKMR-10472,Nakamura-ku,名駅通,31.7,low
RA-KITA-0270,Kita-ku,松河戸西枇杷島線,31.7,low
RA-NKMR-8363,Nakamura-ku,駅西第56号線,31.7,low
RA-KITA-0948,Kita-ku,松河戸西枇杷島線,31.7,low
RA-NKMR-10546,Nakamura-ku,御本坊筋,31.7,low
RA-NKMR-10567,Nakamura-ku,県道名古屋一宮線,31.7,low
RA-NISH-1858,Nishi-ku,名古屋江南線,31.7,low
RA-MIDR-3623,Midori-ku,諸輪名古屋線,31.7,low
RA-NISH-3927,Nishi-ku,名岐バイパス,31.7,low
RA-CHIK-3539,Chikusa-ku,環状線,31.7,low
RA-NKMR-6267,Nakamura-ku,名駅通,31.7,low
RA-NISH-4944,Nishi-ku,名駅通,31.7,low
RA-TEMP-3566,Tempaku-ku,阿野名古屋線,31.7,low
RA-NISH-5418,Nishi-ku,名古屋祖父江線,31.7,low
RA-TEMP-4885,Tempaku-ku,阿野名古屋線,31.7,low
RA-NISH-5419,Nishi-ku,名古屋祖父江線,31.7,low
RA-NISH-5975,Nishi-ku,名古屋江南線,31.7,low
RA-NKGW-7995,Nakagawa-ku,名古屋中環状線,31.7,low
RA-NKMR-6119,Nakamura-ku,椿町線,31.6,low
RA-MEIT-4994,Meito-ku,岩藤名古屋線,31.6,low
RA-NKGW-7792,Nakagawa-ku,助光自転車歩行者道第６号線,31.6,low
RA-HIGA-3088,Higashi-ku,松山新栄町線,31.6,low
RA-NKGW-8582,Nakagawa-ku,助光自転車歩行者道第６号線,31.6,low
RA-NKGW-8313,Nakagawa-ku,名古屋中環状線,31.6,low
RA-NKGW-7793,Nakagawa-ku,助光自転車歩行者道第６号線,31.6,low
RA-KITA-0982,Kita-ku,松河戸西枇杷島線,31.6,low
RA-NKGW-10038,Nakagawa-ku,助光自転車歩行者道第６号線,31.6,low
RA-NKMR-9062,Nakamura-ku,椿町線,31.6,low
RA-NAKA-4592,Naka-ku,岩井下前津町線,31.5,low
RA-NKGW-7147,Nakagawa-ku,名古屋中環状線,31.5,low
RA-NKGW-13252,Nakagawa-ku,鳥ヶ地名古屋線,31.5,low
RA-NKGW-16319,Nakagawa-ku,江川線,31.5,low
RA-KITA-6417,Kita-ku,名古屋犬山線,31.5,low
RA-NKGW-0309,Nakagawa-ku,江川線,31.5,low
RA-NKMR-1414,Nakamura-ku,駅西第56号線,31.5,low
RA-KITA-3979,Kita-ku,ふれあい橋,31.5,low
RA-NKMR-12143,Nakamura-ku,環状線,31.5,low
RA-NISH-7545,Nishi-ku,笈瀬川筋,31.5,low
RA-SHOW-1719,Showa-ku,飯田街道,31.5,low
RA-NISH-5417,Nishi-ku,名古屋祖父江線,31.5,low
RA-SHOW-3333,Showa-ku,飯田街道,31.5,low
RA-NKGW-9892,Nakagawa-ku,鳥ヶ地名古屋線,31.5,low
RA-MIDR-11416,Midori-ku,諸輪名古屋線,31.5,low
RA-NKMR-8637,Nakamura-ku,新幹線側道中村第１号線,31.4,low
RA-HIGA-2330,Higashi-ku,中央線東沿線,31.4,low
RA-NISH-0209,Nishi-ku,米屋町第1号線,31.4,low
RA-NKGW-8398,Nakagawa-ku,名古屋中環状線,31.4,low
RA-MEIT-3474,Meito-ku,岩藤名古屋線,31.4,low
RA-NKGW-18585,Nakagawa-ku,名古屋中環状線,31.4,low
RA-NKGW-8640,Nakagawa-ku,名古屋中環状線,31.4,low
RA-TEMP-6124,Tempaku-ku,阿野名古屋線,31.4,low
RA-NISH-4447,Nishi-ku,国道22号,31.4,low
RA-TEMP-6215,Tempaku-ku,名古屋中環状線,31.4,low
RA-TEMP-6126,Tempaku-ku,阿野名古屋線,31.4,low
RA-NKGW-18537,Nakagawa-ku,名古屋環状2号線,31.4,low
RA-NAKA-5477,Naka-ku,大津通,31.3,low
RA-MNMI-3326,Minami-ku,緑瑞穂線,31.3,low
RA-TEMP-2872,Tempaku-ku,名古屋岡崎線,31.3,low
RA-NISH-6374,Nishi-ku,名古屋江南線,31.3,low
RA-MIZH-1183,Mizuho-ku,空港線,31.3,low
RA-NAKA-2928,Naka-ku,大津通,31.3,low
RA-MORY-6020,Moriyama-ku,千代田山之端線,31.3,low
RA-MNMI-5657,Minami-ku,緑瑞穂線,31.3,low
RA-MORY-6151,Moriyama-ku,千代田山之端線,31.3,low
RA-NKMR-11978,Nakamura-ku,鳥ヶ地名古屋線,31.3,low
RA-MIZH-1212,Mizuho-ku,空港線,31.3,low
RA-NKMR-1851,Nakamura-ku,駅裏南北線,31.3,low
RA-MIDR-2317,Midori-ku,名古屋碧南線,31.3,low
RA-NKGW-16357,Nakagawa-ku,江川線,31.2,low
RA-NAKA-4652,Naka-ku,御園通,31.2,low
RA-MINA-8268,Minato-ku,名古屋環状2号線,31.2,low
RA-NKGW-1778,Nakagawa-ku,環状線,31.2,low
RA-NKGW-16930,Nakagawa-ku,環状線,31.2,low
RA-NKMR-8618,Nakamura-ku,県道名古屋一宮線,31.2,low
RA-NKGW-16356,Nakagawa-ku,江川線,31.2,low
RA-KITA-5652,Kita-ku,名古屋豊山稲沢線,31.2,low
RA-KITA-5793,Kita-ku,黒川1号橋,31.2,low
RA-KITA-6295,Kita-ku,黒川1号橋,31.2,low
RA-NKMR-10301,Nakamura-ku,下広井町線,31.2,low
RA-NKGW-7148,Nakagawa-ku,名古屋中環状線,31.2,low
RA-NKGW-11090,Nakagawa-ku,江川線,31.2,low
RA-NKMR-10032,Nakamura-ku,環状線,31.2,low
RA-MIDR-12459,Midori-ku,国道302号,31.2,low
RA-MORY-1576,Moriyama-ku,守山西線,31.2,low
RA-NKGW-7191,Nakagawa-ku,名古屋中環状線,31.2,low
RA-NKGW-1876,Nakagawa-ku,鳥ヶ地名古屋線,31.1,low
RA-NKGW-11805,Nakagawa-ku,国道302号,31.1,low
RA-NKGW-11806,Nakagawa-ku,国道302号,31.1,low
RA-NKGW-9463,Nakagawa-ku,名古屋中環状線,31.1,low
RA-NKGW-9462,Nakagawa-ku,名古屋中環状線,31.1,low
RA-NKGW-18236,Nakagawa-ku,名古屋第二環状自動車道,31.1,low
RA-TEMP-5110,Tempaku-ku,白山黒石線,31.1,low
RA-NAKA-1150,Naka-ku,大池大井町線,31.1,low
RA-MIDR-3795,Midori-ku,滝ノ水自転車歩行者道第１４号線,31.1,low
RA-NKGW-8625,Nakagawa-ku,名古屋環状2号線,31.1,low
RA-HIGA-1872,Higashi-ku,国道19号,31.1,low
RA-NKGW-17444,Nakagawa-ku,名古屋環状2号線,31.1,low
RA-NKMR-12995,Nakamura-ku,県道名古屋一宮線,31.1,low
RA-CHIK-4314,Chikusa-ku,平和公園線,31.1,low
RA-KITA-1574,Kita-ku,名古屋犬山線,31.0,low
RA-KITA-3159,Kita-ku,柳原通,31.0,low
RA-KITA-4043,Kita-ku,国道19号,31.0,low
RA-NISH-6827,Nishi-ku,名駅通,31.0,low
RA-MINA-3052,Minato-ku,名古屋環状2号線,31.0,low
RA-KITA-4589,Kita-ku,柳原通,31.0,low
RA-KITA-6648,Kita-ku,国道19号,31.0,low
RA-NAKA-4559,Naka-ku,大池大井町線,31.0,low
RA-NKMR-0926,Nakamura-ku,鳥ヶ地名古屋線,31.0,low
RA-NKGW-11927,Nakagawa-ku,名古屋中環状線,31.0,low
RA-MIDR-9960,Midori-ku,諸輪名古屋線,31.0,low
RA-TEMP-0585,Tempaku-ku,白山黒石線,31.0,low
RA-NKGW-6064,Nakagawa-ku,名古屋中環状線,31.0,low
RA-MIDR-9839,Midori-ku,名古屋高速3号大高線,31.0,low
RA-TEMP-0586,Tempaku-ku,白山黒石線,31.0,low
RA-NISH-0383,Nishi-ku,名古屋外環状線,31.0,low
RA-MIDR-10520,Midori-ku,名古屋高速3号大高線,31.0,low
RA-MIDR-6006,Midori-ku,名古屋高速3号大高線,31.0,low
RA-NKGW-8320,Nakagawa-ku,名古屋中環状線,31.0,low
RA-MIDR-11503,Midori-ku,諸輪名古屋線,31.0,low
RA-KITA-2006,Kita-ku,名古屋犬山線,31.0,low
RA-TEMP-3501,Tempaku-ku,名古屋中環状線,30.9,low
RA-MINA-2155,Minato-ku,名古屋高速4号東海線,30.9,low
RA-MNMI-0992,Minami-ku,環状線,30.9,low
RA-NKMR-10216,Nakamura-ku,椿町線,30.9,low
RA-NKMR-10331,Nakamura-ku,椿町線,30.9,low
RA-NKMR-6101,Nakamura-ku,椿町線,30.9,low
RA-ATSU-3409,Atsuta-ku,江川線,30.9,low
RA-TEMP-5786,Tempaku-ku,弥富相生山線,30.9,low
RA-MNMI-3409,Minami-ku,環状線,30.9,low
RA-KITA-3943,Kita-ku,国道41号,30.9,low
RA-TEMP-5628,Tempaku-ku,名古屋中環状線,30.9,low
RA-MIDR-2318,Midori-ku,名古屋碧南線,30.9,low
RA-KITA-0346,Kita-ku,名古屋豊山稲沢線,30.9,low
RA-NKGW-14294,Nakagawa-ku,西前田自転車歩行者道第２号線,30.9,low
RA-NKGW-6369,Nakagawa-ku,名古屋環状2号線,30.9,low
RA-NKGW-5342,Nakagawa-ku,鳥ヶ地名古屋線,30.9,low
RA-NISH-3877,Nishi-ku,鳥ヶ地名古屋線,30.9,low
RA-NKGW-11495,Nakagawa-ku,鳥ヶ地名古屋線,30.9,low
RA-NKGW-18494,Nakagawa-ku,名古屋環状2号線,30.9,low
RA-NKMR-6513,Nakamura-ku,県道名古屋一宮線,30.9,low
RA-TEMP-4161,Tempaku-ku,名古屋中環状線,30.8,low
RA-MINA-10077,Minato-ku,金城ふ頭線,30.8,low
RA-TEMP-5107,Tempaku-ku,白山黒石線,30.8,low
RA-MINA-6792,Minato-ku,名古屋環状2号線,30.8,low
RA-TEMP-6225,Tempaku-ku,名古屋中環状線,30.8,low
RA-MINA-8551,Minato-ku,名古屋環状2号線,30.8,low
RA-MIDR-9313,Midori-ku,名古屋中環状線,30.7,low
RA-NAKA-0372,Naka-ku,新天地通,30.7,low
RA-MIDR-3062,Midori-ku,白山黒石線,30.7,low
RA-MIDR-6690,Midori-ku,緑瑞穂線,30.7,low
RA-NKGW-4028,Nakagawa-ku,大須通り,30.7,low
RA-NAKA-1924,Naka-ku,中央線西通,30.7,low
RA-NKMR-5285,Nakamura-ku,鳥ヶ地名古屋線,30.7,low
RA-NAKA-4540,Naka-ku,大津通,30.7,low
RA-NAKA-3361,Naka-ku,中央線西通,30.7,low
RA-NKGW-16168,Nakagawa-ku,大須通り,30.7,low
RA-CHIK-4453,Chikusa-ku,関田名古屋線,30.7,low
RA-MIDR-4038,Midori-ku,名古屋中環状線,30.7,low
RA-NKMR-5978,Nakamura-ku,椿町線,30.7,low
RA-NKGW-12960,Nakagawa-ku,名古屋第二環状自動車道,30.7,low
RA-NKMR-11980,Nakamura-ku,鳥ヶ地名古屋線,30.7,low
RA-MIDR-0158,Midori-ku,滝ノ水自転車歩行者道第１６号線,30.6,low
RA-MIDR-6818,Midori-ku,滝ノ水自転車歩行者道第１６号線,30.6,low
RA-NKMR-3414,Nakamura-ku,環状線,30.6,low
RA-NKMR-2937,Nakamura-ku,名古屋競輪場無料送迎バス用停車場,30.6,low
RA-NKGW-14030,Nakagawa-ku,八田停車場線,30.6,low
RA-NKGW-9344,Nakagawa-ku,名古屋中環状線,30.6,low
RA-NKGW-9343,Nakagawa-ku,名古屋中環状線,30.6,low
RA-CHIK-4986,Chikusa-ku,飯田街道,30.6,low
RA-CHIK-0562,Chikusa-ku,千代保稲荷神社境内,30.6,low
RA-NISH-5240,Nishi-ku,名古屋外環状線,30.6,low
RA-NISH-5679,Nishi-ku,守山西線,30.6,low
RA-NKGW-11817,Nakagawa-ku,名古屋中環状線,30.6,low
RA-NKGW-7024,Nakagawa-ku,名古屋環状2号線,30.5,low
RA-MNMI-4793,Minami-ku,緑瑞穂線,30.5,low
RA-MORY-7472,Moriyama-ku,名古屋第二環状自動車道,30.5,low
RA-TEMP-0058,Tempaku-ku,植田中央自転車歩行者道第３号線,30.5,low
RA-NKGW-9819,Nakagawa-ku,名古屋中環状線,30.5,low
RA-TEMP-6516,Tempaku-ku,植田中央自転車歩行者道第３号線,30.5,low
RA-MINA-7381,Minato-ku,国道23号,30.5,low
RA-MNMI-5766,Minami-ku,緑瑞穂線,30.5,low
RA-NKGW-5729,Nakagawa-ku,戸春橋,30.5,low
RA-ATSU-2524,Atsuta-ku,江川線,30.5,low
RA-NKGW-14953,Nakagawa-ku,名古屋中環状線,30.5,low
RA-SHOW-1504,Showa-ku,関田名古屋線,30.5,low
RA-NISH-5621,Nishi-ku,新幹線側道中村第１号線,30.5,low
RA-KITA-5233,Kita-ku,名古屋豊山稲沢線,30.5,low
RA-KITA-0470,Kita-ku,名古屋豊山稲沢線,30.5,low
RA-NKMR-8599,Nakamura-ku,千原井深町第１号線,30.5,low
RA-MIDR-3130,Midori-ku,白山黒石線,30.4,low
RA-ATSU-1965,Atsuta-ku,大津通,30.4,low
RA-NKGW-4721,Nakagawa-ku,江川線,30.4,low
RA-MORY-0504,Moriyama-ku,西砂線,30.4,low
RA-NISH-0003,Nishi-ku,名駅通,30.4,low
RA-NKMR-12453,Nakamura-ku,豊國参道,30.4,low
RA-MIDR-3129,Midori-ku,白山黒石線,30.4,low
RA-HIGA-0847,Higashi-ku,中央線東沿線,30.4,low
RA-ATSU-2752,Atsuta-ku,大津通,30.4,low
RA-MIZH-3811,Mizuho-ku,弥富相生山線,30.4,low
RA-MORY-0357,Moriyama-ku,西砂線,30.4,low
RA-HIGA-2333,Higashi-ku,中央線東沿線,30.4,low
RA-MIDR-6648,Midori-ku,名古屋中環状線,30.4,low
RA-MEIT-4127,Meito-ku,名古屋中環状線,30.4,low
RA-MEIT-3056,Meito-ku,小幡西山線,30.4,low
RA-MIDR-9314,Midori-ku,古鳴海八幡社参道,30.4,low
RA-MEIT-1918,Meito-ku,小幡西山線,30.4,low
RA-MINA-11895,Minato-ku,名古屋環状2号線,30.4,low
RA-ATSU-2475,Atsuta-ku,神宮東自転車歩行者道線,30.4,low
RA-ATSU-2488,Atsuta-ku,神宮東自転車歩行者道線,30.4,low
RA-MORY-5285,Moriyama-ku,名古屋多治見線,30.4,low
RA-MINA-6810,Minato-ku,名古屋環状2号線,30.4,low
RA-MORY-4297,Moriyama-ku,名古屋多治見線,30.4,low
RA-NKMR-6465,Nakamura-ku,県道名古屋一宮線,30.3,low
RA-NISH-0015,Nishi-ku,銀の橋,30.3,low
RA-TEMP-2929,Tempaku-ku,白山黒石線,30.3,low
RA-ATSU-0127,Atsuta-ku,浮島橋,30.3,low
RA-NISH-0281,Nishi-ku,新長屋筋,30.3,low
RA-TEMP-2841,Tempaku-ku,白山黒石線,30.3,low
RA-MORY-0732,Moriyama-ku,国道19号,30.3,low
RA-NISH-5076,Nishi-ku,笈瀬川筋,30.3,low
RA-NISH-5129,Nishi-ku,笈瀬川筋,30.3,low
RA-MIDR-0228,Midori-ku,古鳴海八幡社参道,30.3,low
RA-NKMR-10228,Nakamura-ku,牧野第43号線,30.3,low
RA-HIGA-3131,Higashi-ku,深田外堀町線,30.3,low
RA-KITA-4148,Kita-ku,猿投橋,30.3,low
RA-NKGW-18541,Nakagawa-ku,名古屋環状2号線,30.3,low
RA-KITA-6766,Kita-ku,猿投橋,30.3,low
RA-NKGW-1132,Nakagawa-ku,名古屋蟹江弥富線,30.3,low
RA-NAKA-3531,Naka-ku,御器所千種町線支線第1号,30.3,low
RA-MIDR-9643,Midori-ku,白山黒石線,30.3,low
RA-ATSU-1979,Atsuta-ku,大津通,30.3,low
RA-MIDR-5980,Midori-ku,緑瑞穂線,30.3,low
RA-MIDR-1779,Midori-ku,阿野名古屋線,30.3,low
RA-NKMR-5948,Nakamura-ku,椿町線,30.3,low
RA-NAKA-3912,Naka-ku,大津通,30.3,low
RA-ATSU-0062,Atsuta-ku,浮島橋,30.3,low
RA-NAKA-1783,Naka-ku,葵町線,30.2,low
RA-CHIK-1487,Chikusa-ku,飯田街道,30.2,low
RA-NKGW-8784,Nakagawa-ku,国道302号,30.2,low
RA-MORY-5837,Moriyama-ku,名古屋多治見線,30.2,low
RA-NKGW-18444,Nakagawa-ku,名古屋蟹江弥富線,30.2,low
RA-NKGW-12680,Nakagawa-ku,東前田自転車歩行者道第４号線,30.2,low
RA-NAKA-1693,Naka-ku,葵町線,30.2,low
RA-MIZH-3812,Mizuho-ku,弥富相生山線,30.2,low
RA-MORY-2811,Moriyama-ku,名古屋多治見線,30.2,low
RA-NKGW-1894,Nakagawa-ku,八田停車場線,30.2,low
RA-CHIK-1479,Chikusa-ku,飯田街道,30.2,low
RA-MIDR-6222,Midori-ku,名古屋高速3号大高線,30.1,low
RA-ATSU-2346,Atsuta-ku,国道247号,30.1,low
RA-NISH-5389,Nishi-ku,上畠那古野町線,30.1,low
RA-MIDR-6082,Midori-ku,名古屋高速3号大高線,30.1,low
RA-MIDR-2722,Midori-ku,春木沓掛線,30.1,low
RA-NKMR-4775,Nakamura-ku,鳥ヶ地名古屋線,30.1,low
RA-NKGW-16931,Nakagawa-ku,環状線,30.1,low
RA-MEIT-0331,Meito-ku,西山本通,30.1,low
RA-TEMP-6526,Tempaku-ku,岩崎名古屋線,30.1,low
RA-NKMR-4597,Nakamura-ku,鳥ヶ地名古屋線,30.0,low
RA-SHOW-2327,Showa-ku,公園線支線第9号,30.0,low
RA-NISH-5834,Nishi-ku,一場中小田井線,30.0,low
RA-MEIT-4692,Meito-ku,名古屋中環状線,30.0,low
RA-NISH-3602,Nishi-ku,一場中小田井線,30.0,low
RA-CHIK-1605,Chikusa-ku,関田名古屋線,30.0,low
RA-MINA-11892,Minato-ku,名古屋環状2号線,30.0,low
RA-NKGW-1915,Nakagawa-ku,八田停車場線,30.0,low
RA-MORY-0459,Moriyama-ku,関田名古屋線,30.0,low
RA-MINA-11890,Minato-ku,名古屋環状2号線,30.0,low
RA-NKMR-4729,Nakamura-ku,鳥ヶ地名古屋線,30.0,low
RA-MEIT-2457,Meito-ku,名古屋中環状線,30.0,low
RA-NKGW-1897,Nakagawa-ku,八田停車場線,30.0,low
RA-MORY-0498,Moriyama-ku,関田名古屋線,30.0,low
RA-TEMP-2917,Tempaku-ku,名古屋岡崎線,30.0,low
RA-NAKA-4346,Naka-ku,伏見通,30.0,low